Call,Permision,Sensitive API,Size,Dynamic Behaviour,Compiling Time,Signatures,Malware
FunctionCall,FINE_LOCATION,API A,113,START,208,A,Y
SystemCall,FINE_LOCATION,API A,283,LOAD,95,A,Y
SystemCall,MOCK_LOCATION,API A,183,LOAD,47,A,Y
FunctionCall,FINE_LOCATION,API A,202,LOAD,116,notA,Y
FunctionCall,FINE_LOCATION,API A,258,RECV,206,A,Y
FunctionCall,FINE_LOCATION,API A,20,RECV,56,A,Y
FunctionCall,FINE_LOCATION,API B,154,LOAD,189,notA,Y
SystemCall,FINE_LOCATION,API A,287,LOAD,30,A,Y
SystemCall,FINE_LOCATION,API A,106,LOAD,137,A,Y
SystemCall,FINE_LOCATION,API A,210,LOAD,24,A,Y
SystemCall,FINE_LOCATION,API A,217,LOAD,90,notA,Y
SystemCall,MOCK_LOCATION,API A,266,START,144,A,Y
FunctionCall,MOCK_LOCATION,API B,159,RECV,131,notA,Y
FunctionCall,MOCK_LOCATION,API B,295,LOAD,109,A,N
FunctionCall,FINE_LOCATION,API A,118,START,163,A,Y
FunctionCall,MOCK_LOCATION,API B,80,LOAD,248,A,N
SystemCall,FINE_LOCATION,API A,56,START,284,notA,Y
SystemCall,FINE_LOCATION,API B,19,START,212,A,N
FunctionCall,FINE_LOCATION,API A,98,LOAD,160,A,Y
FunctionCall,FINE_LOCATION,API A,156,START,39,A,Y
FunctionCall,MOCK_LOCATION,API A,237,LOAD,37,A,Y
SystemCall,FINE_LOCATION,API A,253,LOAD,98,notA,Y
FunctionCall,MOCK_LOCATION,API B,160,LOAD,299,A,N
FunctionCall,FINE_LOCATION,API A,114,LOAD,146,notA,Y
SystemCall,FINE_LOCATION,API A,109,LOAD,292,A,Y
FunctionCall,MOCK_LOCATION,API B,124,START,286,A,Y
SystemCall,MOCK_LOCATION,API A,199,START,129,A,N
SystemCall,MOCK_LOCATION,API A,268,LOAD,248,A,Y
SystemCall,FINE_LOCATION,API A,190,LOAD,66,A,Y
FunctionCall,MOCK_LOCATION,API A,286,LOAD,6,A,Y
FunctionCall,FINE_LOCATION,API A,108,START,134,A,Y
SystemCall,MOCK_LOCATION,API A,289,START,224,A,N
SystemCall,MOCK_LOCATION,API A,129,LOAD,286,A,Y
FunctionCall,MOCK_LOCATION,API A,97,LOAD,14,A,Y
FunctionCall,MOCK_LOCATION,API B,282,LOAD,117,A,N
SystemCall,MOCK_LOCATION,API A,164,START,261,A,N
SystemCall,MOCK_LOCATION,API A,253,LOAD,191,A,Y
SystemCall,MOCK_LOCATION,API A,206,LOAD,61,A,Y
SystemCall,MOCK_LOCATION,API A,175,LOAD,82,A,Y
FunctionCall,FINE_LOCATION,API A,210,START,122,A,N
FunctionCall,MOCK_LOCATION,API A,168,START,42,A,N
SystemCall,MOCK_LOCATION,API A,270,RECV,164,notA,N
FunctionCall,MOCK_LOCATION,API A,132,RECV,198,A,Y
SystemCall,MOCK_LOCATION,API A,274,RECV,15,A,N
SystemCall,FINE_LOCATION,API A,300,LOAD,8,A,Y
SystemCall,FINE_LOCATION,API A,115,START,6,A,Y
FunctionCall,FINE_LOCATION,API A,206,START,222,A,N
SystemCall,FINE_LOCATION,API A,191,LOAD,195,notA,N
FunctionCall,MOCK_LOCATION,API A,15,START,25,A,Y
SystemCall,MOCK_LOCATION,API A,102,START,121,A,N
FunctionCall,MOCK_LOCATION,API A,167,START,74,A,N
FunctionCall,MOCK_LOCATION,API A,271,LOAD,282,A,Y
FunctionCall,MOCK_LOCATION,API A,205,LOAD,28,notA,N
FunctionCall,FINE_LOCATION,API A,134,START,14,A,N
SystemCall,FINE_LOCATION,API B,204,LOAD,142,A,Y
SystemCall,FINE_LOCATION,API A,115,LOAD,6,A,Y
SystemCall,MOCK_LOCATION,API A,227,LOAD,268,A,Y
FunctionCall,MOCK_LOCATION,API A,47,START,210,A,N
SystemCall,FINE_LOCATION,API A,62,LOAD,203,A,Y
SystemCall,MOCK_LOCATION,API A,180,LOAD,197,A,Y
FunctionCall,MOCK_LOCATION,API A,89,LOAD,7,A,Y
FunctionCall,MOCK_LOCATION,API A,131,LOAD,59,A,Y
FunctionCall,MOCK_LOCATION,API A,292,LOAD,261,A,Y
SystemCall,FINE_LOCATION,API A,247,LOAD,269,A,Y
FunctionCall,FINE_LOCATION,API A,199,LOAD,132,notA,Y
FunctionCall,MOCK_LOCATION,API A,127,LOAD,163,A,Y
FunctionCall,MOCK_LOCATION,API B,127,LOAD,133,notA,N
FunctionCall,MOCK_LOCATION,API B,212,LOAD,89,notA,Y
FunctionCall,MOCK_LOCATION,API B,22,LOAD,215,A,N
FunctionCall,MOCK_LOCATION,API A,246,LOAD,30,A,Y
FunctionCall,MOCK_LOCATION,API A,268,RECV,272,A,Y
SystemCall,FINE_LOCATION,API B,41,LOAD,20,A,N
FunctionCall,MOCK_LOCATION,API A,244,START,285,A,N
FunctionCall,MOCK_LOCATION,API A,91,START,78,notA,N
FunctionCall,FINE_LOCATION,API A,256,RECV,30,A,Y
FunctionCall,FINE_LOCATION,API A,163,LOAD,73,A,Y
FunctionCall,MOCK_LOCATION,API A,83,LOAD,208,A,Y
FunctionCall,MOCK_LOCATION,API A,41,RECV,186,notA,Y
SystemCall,FINE_LOCATION,API A,261,START,102,A,Y
SystemCall,MOCK_LOCATION,API B,88,LOAD,138,A,Y
SystemCall,FINE_LOCATION,API A,237,START,264,A,Y
FunctionCall,FINE_LOCATION,API A,278,START,294,A,Y
SystemCall,FINE_LOCATION,API A,168,LOAD,195,A,Y
FunctionCall,FINE_LOCATION,API A,69,LOAD,45,A,Y
FunctionCall,MOCK_LOCATION,API B,255,LOAD,280,A,N
SystemCall,FINE_LOCATION,API A,23,LOAD,167,A,Y
FunctionCall,MOCK_LOCATION,API A,288,LOAD,182,A,Y
SystemCall,FINE_LOCATION,API A,28,LOAD,48,A,Y
FunctionCall,MOCK_LOCATION,API A,125,LOAD,62,A,Y
SystemCall,FINE_LOCATION,API A,287,START,285,notA,N
FunctionCall,FINE_LOCATION,API A,143,START,90,A,N
SystemCall,FINE_LOCATION,API A,269,START,292,A,Y
FunctionCall,MOCK_LOCATION,API A,36,START,243,notA,N
SystemCall,FINE_LOCATION,API A,144,LOAD,67,A,Y
FunctionCall,MOCK_LOCATION,API A,234,LOAD,114,A,Y
FunctionCall,FINE_LOCATION,API A,213,LOAD,5,A,Y
FunctionCall,FINE_LOCATION,API A,186,LOAD,64,notA,Y
SystemCall,FINE_LOCATION,API A,122,LOAD,111,A,Y
SystemCall,FINE_LOCATION,API B,181,LOAD,154,A,Y
SystemCall,MOCK_LOCATION,API A,17,LOAD,188,A,Y
FunctionCall,MOCK_LOCATION,API A,94,LOAD,213,A,N
FunctionCall,MOCK_LOCATION,API B,134,LOAD,117,A,Y
SystemCall,FINE_LOCATION,API A,259,LOAD,64,notA,N
FunctionCall,MOCK_LOCATION,API A,184,START,35,A,N
FunctionCall,MOCK_LOCATION,API A,104,LOAD,168,A,Y
SystemCall,MOCK_LOCATION,API A,238,START,69,A,N
FunctionCall,FINE_LOCATION,API A,36,START,49,A,N
FunctionCall,MOCK_LOCATION,API A,169,LOAD,264,notA,N
SystemCall,MOCK_LOCATION,API A,111,RECV,65,A,N
SystemCall,FINE_LOCATION,API A,138,LOAD,146,A,Y
FunctionCall,MOCK_LOCATION,API A,244,LOAD,257,A,Y
FunctionCall,MOCK_LOCATION,API B,186,RECV,60,A,N
SystemCall,MOCK_LOCATION,API A,249,LOAD,241,A,Y
FunctionCall,MOCK_LOCATION,API A,31,START,239,notA,N
SystemCall,FINE_LOCATION,API A,117,LOAD,10,A,Y
SystemCall,FINE_LOCATION,API B,85,START,266,A,N
SystemCall,FINE_LOCATION,API A,252,LOAD,266,A,Y
FunctionCall,MOCK_LOCATION,API A,235,LOAD,251,A,Y
FunctionCall,MOCK_LOCATION,API A,298,LOAD,184,A,Y
FunctionCall,MOCK_LOCATION,API A,300,LOAD,93,A,Y
FunctionCall,FINE_LOCATION,API A,93,LOAD,224,A,Y
FunctionCall,MOCK_LOCATION,API A,114,LOAD,27,A,Y
SystemCall,MOCK_LOCATION,API B,81,LOAD,60,notA,N
SystemCall,MOCK_LOCATION,API B,174,LOAD,225,A,Y
FunctionCall,FINE_LOCATION,API A,81,RECV,222,A,Y
SystemCall,FINE_LOCATION,API A,174,LOAD,264,notA,Y
SystemCall,MOCK_LOCATION,API A,152,RECV,36,A,Y
SystemCall,MOCK_LOCATION,API B,74,LOAD,187,A,Y
SystemCall,FINE_LOCATION,API B,54,START,101,A,N
FunctionCall,MOCK_LOCATION,API B,177,LOAD,204,A,Y
FunctionCall,MOCK_LOCATION,API B,68,LOAD,105,A,N
SystemCall,MOCK_LOCATION,API B,167,LOAD,108,notA,N
SystemCall,MOCK_LOCATION,API A,174,LOAD,270,notA,N
SystemCall,FINE_LOCATION,API B,238,LOAD,234,A,Y
SystemCall,MOCK_LOCATION,API A,211,LOAD,140,A,Y
SystemCall,FINE_LOCATION,API B,240,START,35,A,Y
SystemCall,MOCK_LOCATION,API A,84,LOAD,271,A,Y
FunctionCall,MOCK_LOCATION,API A,272,LOAD,258,A,Y
SystemCall,MOCK_LOCATION,API B,52,LOAD,51,A,Y
FunctionCall,MOCK_LOCATION,API A,24,LOAD,48,notA,N
SystemCall,FINE_LOCATION,API A,163,LOAD,143,A,Y
SystemCall,FINE_LOCATION,API A,209,RECV,144,A,Y
SystemCall,FINE_LOCATION,API A,90,RECV,93,A,Y
FunctionCall,FINE_LOCATION,API A,210,RECV,226,A,Y
FunctionCall,MOCK_LOCATION,API B,187,LOAD,242,A,N
FunctionCall,FINE_LOCATION,API A,180,START,148,A,Y
SystemCall,FINE_LOCATION,API A,255,LOAD,119,A,N
FunctionCall,FINE_LOCATION,API B,291,LOAD,144,A,Y
SystemCall,FINE_LOCATION,API A,247,LOAD,142,A,Y
SystemCall,FINE_LOCATION,API B,12,START,110,A,Y
SystemCall,FINE_LOCATION,API A,37,LOAD,199,A,Y
FunctionCall,MOCK_LOCATION,API A,210,LOAD,129,A,Y
FunctionCall,MOCK_LOCATION,API B,45,LOAD,60,A,Y
SystemCall,MOCK_LOCATION,API A,294,LOAD,118,A,Y
SystemCall,MOCK_LOCATION,API A,119,START,157,A,N
SystemCall,MOCK_LOCATION,API A,53,LOAD,3,A,Y
FunctionCall,FINE_LOCATION,API B,284,LOAD,248,A,N
FunctionCall,FINE_LOCATION,API B,300,LOAD,48,A,Y
FunctionCall,MOCK_LOCATION,API A,155,LOAD,67,A,Y
FunctionCall,MOCK_LOCATION,API A,268,START,59,A,N
FunctionCall,FINE_LOCATION,API A,22,START,61,A,Y
SystemCall,MOCK_LOCATION,API A,101,LOAD,284,A,N
FunctionCall,FINE_LOCATION,API A,254,START,128,A,N
SystemCall,FINE_LOCATION,API B,71,START,210,A,Y
FunctionCall,MOCK_LOCATION,API A,207,LOAD,152,notA,N
FunctionCall,MOCK_LOCATION,API A,218,LOAD,104,A,Y
FunctionCall,MOCK_LOCATION,API B,69,LOAD,182,notA,N
SystemCall,FINE_LOCATION,API A,273,LOAD,187,A,Y
FunctionCall,MOCK_LOCATION,API B,87,LOAD,7,A,N
FunctionCall,MOCK_LOCATION,API B,265,LOAD,165,A,N
SystemCall,MOCK_LOCATION,API B,149,LOAD,158,A,Y
FunctionCall,MOCK_LOCATION,API B,100,LOAD,36,A,N
FunctionCall,MOCK_LOCATION,API B,115,LOAD,8,notA,N
FunctionCall,FINE_LOCATION,API A,162,START,80,A,Y